query sequence name	database sequence name	percent identity	alignment length	number of mismatches	number of gaps	query start coordinates	query end coordinates	subject start coordinates	subject end coordinates	e-value	bitscoreQ4J793_SULAC/8-222	scaffold_0_16	100	215	0	0	1	215	8	222	3.68E-164	444A3DKC8_CLOTH/235-405	scaffold_0_10	61.538	26	10	0	26	51	47	72	6.36E-06	35A4YFX0_METS5/20-218	scaffold_0_10	54.494	178	78	1	21	198	46	220	4.30E-71	208Q977D5_SULTO/23-210	scaffold_0_11	52.632	190	85	4	2	187	1	189	4.53E-65	192A4YFW9_METS5/24-229	scaffold_0_9	47.368	114	57	3	95	206	17	129	1.66E-36	116A8A9P1_IGNH4/9-272	scaffold_0_10	38.462	65	33	3	4	61	23	87	4.73E-06	37A4YFX5_METS5/9-241	scaffold_0_16	33.186	226	109	8	16	231	23	216	1.06E-24	89.4Q8TVU2_METKA/491-691	scaffold_0_10	32.71	107	59	3	14	110	38	141	1.31E-06	37.7A3DH28_CLOTH/14-216	scaffold_0_10	31.527	203	128	8	6	203	25	221	5.08E-25	89.7Q2FL76_METHJ/14-206	scaffold_0_14	29.6	125	71	5	35	154	33	145	3.18E-08	42A3DH28_CLOTH/14-216	scaffold_0_9	28.947	114	69	3	101	203	17	129	3.04E-09	44.7A4YFX0_METS5/20-218	scaffold_0_9	28.571	112	70	1	97	198	17	128	1.03E-14	59.7A4FJY4_SACEN/194-372	scaffold_0_9	28.125	128	74	5	60	178	10	128	2.30E-09	44.7A7NFU0_ROSCS/21-222	scaffold_0_10	28.037	214	128	7	2	202	21	221	4.82E-19	73.6A4YFW9_METS5/24-229	scaffold_0_10	27.907	215	125	8	5	206	24	221	1.84E-15	63.5A1RZR1_THEPD/18-247	scaffold_0_16	27.897	233	145	10	1	229	8	221	2.62E-16	66.2Q2FL76_METHJ/14-206	scaffold_0_10	27.619	210	127	7	1	193	20	221	2.80E-13	57A8F3D7_PSELT/30-277	scaffold_0_10	27.429	175	99	7	8	176	27	179	1.06E-06	38.5A7NFU0_ROSCS/21-222	scaffold_0_14	26.347	167	80	7	5	164	10	140	3.50E-07	39.3A4YFX0_METS5/20-218	scaffold_0_16	26.056	142	90	4	26	152	29	170	7.98E-06	35.4Q4J7N6_SULAC/8-291	scaffold_0_9	25.439	114	72	4	177	281	17	126	5.03E-06	36.2Q2JNS6_SYNJB/14-218	scaffold_0_10	25.248	202	142	5	7	205	26	221	1.32E-08	43.9Q2JNS1_SYNJB/20-216	scaffold_0_10	25.121	207	140	6	1	197	20	221	2.44E-14	60.5A7NFU0_ROSCS/21-222	scaffold_0_9	24.088	137	79	4	82	202	2	129	5.32E-07	38.1A3DH28_CLOTH/14-216	scaffold_0_16	23.958	192	115	6	39	202	33	221	1.09E-08	43.9A1RZR1_THEPD/18-247	scaffold_0_10	23.611	216	119	6	21	230	46	221	1.79E-11	52.8Q4J793_SULAC/8-222	scaffold_0_10	23.502	217	133	6	8	214	27	220	2.52E-06	37B0K2G5_THEPX/4-192	scaffold_0_10	22.12	217	120	6	1	186	20	218	2.47E-08	42.7Q2FL77_METHJ/16-208	scaffold_0_10	21.801	211	134	4	2	192	21	220	1.40E-12	55.1